{"name":"build-javascript","namedChunkGroups":{"polyfill":{"name":"polyfill","assets":[{"name":"webpack-runtime-1cdaf60217f49af86ef2.js","size":3644},{"name":"polyfill-d30fa7f3846e3a1efc31.js","size":85011}],"filteredAssets":0,"assetsSize":88655,"filteredAuxiliaryAssets":2,"auxiliaryAssetsSize":224996},"app":{"name":"app","assets":[{"name":"webpack-runtime-1cdaf60217f49af86ef2.js","size":3644},{"name":"framework-7930b36b3690dfdcdd3d.js","size":140719},{"name":"app-ae42a2b41a5d6310b831.js","size":79015}],"filteredAssets":0,"assetsSize":223378,"filteredAuxiliaryAssets":3,"auxiliaryAssetsSize":702476},"component---client-pages-404-tsx":{"name":"component---client-pages-404-tsx","assets":[{"name":"component---client-pages-404-tsx-9fce12e43bdefb15b4cb.js","size":785}],"filteredAssets":0,"assetsSize":785,"filteredAuxiliaryAssets":1,"auxiliaryAssetsSize":1913},"component---client-pages-admin-tsx":{"name":"component---client-pages-admin-tsx","assets":[{"name":"8015bd09-34c3fb9a091abf66d32f.js","size":137741},{"name":"8bee8178add9a7c08954d5f14be68099fcf1b186-88da4696fa789ab94526.js","size":243342},{"name":"813bd77733333777f0ae805f3cd39e45f6feb085-e278a47785bee9667d6b.js","size":53256},{"name":"component---client-pages-admin-tsx-6cf43ad58d4681fc8b5c.js","size":1845}],"filteredAssets":0,"assetsSize":436184,"filteredAuxiliaryAssets":4,"auxiliaryAssetsSize":1971841},"component---client-pages-index-tsx":{"name":"component---client-pages-index-tsx","assets":[{"name":"8015bd09-34c3fb9a091abf66d32f.js","size":137741},{"name":"8bee8178add9a7c08954d5f14be68099fcf1b186-88da4696fa789ab94526.js","size":243342},{"name":"component---client-pages-index-tsx-67a7173635a12b67bffa.js","size":1151}],"filteredAssets":0,"assetsSize":382234,"filteredAuxiliaryAssets":3,"auxiliaryAssetsSize":1682604},"component---client-pages-swap-tsx":{"name":"component---client-pages-swap-tsx","assets":[{"name":"8015bd09-34c3fb9a091abf66d32f.js","size":137741},{"name":"8bee8178add9a7c08954d5f14be68099fcf1b186-88da4696fa789ab94526.js","size":243342},{"name":"813bd77733333777f0ae805f3cd39e45f6feb085-e278a47785bee9667d6b.js","size":53256},{"name":"component---client-pages-swap-tsx-25e4fb85aa24521bbdfa.js","size":1746}],"filteredAssets":0,"assetsSize":436085,"filteredAuxiliaryAssets":4,"auxiliaryAssetsSize":1971531}},"assetsByChunkName":{"polyfill":["webpack-runtime-1cdaf60217f49af86ef2.js","polyfill-d30fa7f3846e3a1efc31.js"],"app":["webpack-runtime-1cdaf60217f49af86ef2.js","framework-7930b36b3690dfdcdd3d.js","app-ae42a2b41a5d6310b831.js"],"component---client-pages-404-tsx":["component---client-pages-404-tsx-9fce12e43bdefb15b4cb.js"],"component---client-pages-admin-tsx":["8015bd09-34c3fb9a091abf66d32f.js","8bee8178add9a7c08954d5f14be68099fcf1b186-88da4696fa789ab94526.js","813bd77733333777f0ae805f3cd39e45f6feb085-e278a47785bee9667d6b.js","component---client-pages-admin-tsx-6cf43ad58d4681fc8b5c.js"],"component---client-pages-index-tsx":["8015bd09-34c3fb9a091abf66d32f.js","8bee8178add9a7c08954d5f14be68099fcf1b186-88da4696fa789ab94526.js","component---client-pages-index-tsx-67a7173635a12b67bffa.js"],"component---client-pages-swap-tsx":["8015bd09-34c3fb9a091abf66d32f.js","8bee8178add9a7c08954d5f14be68099fcf1b186-88da4696fa789ab94526.js","813bd77733333777f0ae805f3cd39e45f6feb085-e278a47785bee9667d6b.js","component---client-pages-swap-tsx-25e4fb85aa24521bbdfa.js"]},"childAssetsByChunkName":{}}